id;name;file_on_server;relative_path
1;incidentally;invoice West;Jerde Bike Versatile
2;Enrique regional Saint;Lead;wireless
3;Southwest West Soap;Bicycle;Account
4;virtual Coupe;henry unhappy Antimony;blue North
5;Gloves female assured;communities Soft;Bacon et
6;Brooks afore beet;Antillian Pants Plastic;magenta fragrant directional
7;deposit parsing;Mouse Account;finally West
8;aliquam invoice and;Fresh;Graphic
9;Buckinghamshire green reboot;Southwest pfft;ohm
10;which;Future Bespoke Product;Louisiana
