id;name;username;password;api_key;token;base_url
1;East powerfully Plastic;program Texas;Account;programming;but;since segment
2;occurrence;impartial Health;deploy Kansas Consultant;Cotton;Utah;Touring Berkshire Cambridgeshire
3;drive nostrum Curium;capitalise Kwacha;Won Tesla Southwest;female Tactics Zambia;auxiliary hardware;innovative siemens Account
4;female till Electronic;Metal;Rubber;coaxingly Loan;of;near though Strategist
5;grey Ball yum;reinforce Van;black;extend Franecki;however;lime Awesome Polarised
6;Oriental;white;Funk Lev who;West;Northwest;Computer
7;overriding withdrawal Bicycle;hydrolyse;Southeast East Consultant;Diesel Chicken woot;hard;Assurance West
8;Mini;Assistant;generate;Southeast;West Gasoline Kids;backing
9;onto bag;gadzooks;Europium Van;connect Avon;Ergonomic Electronic;female sensor
10;copy lest;Cremin;red Diesel;now Manor system;Music Yttrium;freight East City
